{
  "bench": {
    "median_tflops": 34.25625831675115,
    "median_time_ms": 8.024166107177734,
    "samples": [
      {
        "sample": 1,
        "tflops": 32.07459021759456,
        "time_ms": 8.56995849609375
      },
      {
        "sample": 2,
        "tflops": 34.32903599644327,
        "time_ms": 8.007154846191407
      },
      {
        "sample": 3,
        "tflops": 34.25625831675115,
        "time_ms": 8.024166107177734
      }
    ]
  },
  "kernel": "framework/torch_mm_f16",
  "shape_key": "f16_512x16384x16384",
  "timestamp": "2026-04-14T05:48:39.906542+00:00"
}
